airport,isDTW,lat,long,flightsDTW,,,,,,,,,,isORD,isYYZ,isMSP,isYWG,name
ATL,0,33.6367,-84.428101,8,,,,,,,,,,0,0,0,0,Rabah Bitat Airport
DEN,0,39.8616981506,-104.672996521,5,,,,,,,,,,0,0,0,0,Aalborg Airport
MSY,0,29.9934005737,-90.2580032349,5,,,,,,,,,,0,0,0,0,Anapa Vityazevo Airport
DFW,0,32.896801,-97.038002,4,,,,,,,,,,0,0,0,0,Romeu Zema Airport
LGA,0,40.77719879,-73.87259674,4,,,,,,,,,,0,0,0,0,Al Ghaidah International Airport
ORD,0,41.9786,-87.9048,4,,,,,,,,,,0,0,0,0,Asaba International Airport
PHX,0,33.434299469,-112.0120010376,4,,,,,,,,,,0,0,0,0,Abadan Airport
BWI,0,39.1754,-76.668297,3,,,,,,,,,,0,0,0,0,Abilene Regional Airport
CLT,0,35.2140007019,-80.9430999756,3,,,,,,,,,,0,0,0,0,Ambler Airport
DCA,0,38.8521,-77.037697,3,,,,,,,,,,0,0,0,0,Albuquerque International Sunport
IAH,0,29.9843997955,-95.3414001465,3,,,,,,,,,,0,0,0,0,Aberdeen Regional Airport
LAS,0,36.08010101,-115.1520004,3,,,,,,,,,,0,0,0,0,Abu Simbel Airport
MDW,0,41.785999,-87.752403,3,,,,,,,,,,0,0,0,0,Al Baha Airport
MIA,0,25.7931995392,-80.2906036377,3,,,,,,,,,,0,0,0,0,Nnamdi Azikiwe International Airport
PHL,0,39.8718986511,-75.2410964966,3,,,,,,,,,,0,0,0,0,Southwest Georgia Regional Airport
STL,0,38.748697,-90.370003,3,,,,,,,,,,0,0,0,0,General Juan N Alvarez International Airport
BNA,0,36.1245002747,-86.6781997681,2,,,,,,,,,,0,0,0,0,Lanzarote Airport
BOS,0,42.36429977,-71.00520325,2,,,,,,,,,,0,0,0,0,St Gallen Altenrhein Airport
EWR,0,40.6925010681,-74.1687011719,2,,,,,,,,,,0,0,0,0,Alderney Airport
FLL,0,26.072599,-80.152702,2,,,,,,,,,,0,0,0,0,Nantucket Memorial Airport
IAD,0,38.94449997,-77.45580292,2,,,,,,,,,,0,0,0,0,Waco Regional Airport
LAX,0,33.94250107,-118.4079971,2,,,,,,,,,,0,0,0,0,California Redwood Coast-Humboldt County Airport
MCO,0,28.4293994904,-81.3089981079,2,,,,,,,,,,0,0,0,0,Xingyi Airport
MYR,0,33.6796989441,-78.9282989502,2,,,,,,,,,,0,0,0,0,Adana Airport
PDX,0,45.58869934,-122.5979996,2,,,,,,,,,,0,0,0,0,Adnan Menderes International Airport
RSW,0,26.5361995697,-81.7552032471,2,,,,,,,,,,0,0,0,0,Addis Ababa Bole International Airport
SAN,0,32.7336006165,-117.190002441,2,,,,,,,,,,0,0,0,0,Aden International Airport
TPA,0,27.9755001068,-82.533203125,2,,,,,,,,,,0,0,0,0,Adıyaman Airport
ABE,0,40.6520996094,-75.4408035278,1,,,,,,,,,,0,0,0,0,Adak Airport
ACY,0,39.4575996399,-74.5772018433,1,,,,,,,,,,0,0,0,0,Adelaide International Airport
ALB,0,42.748298645,-73.8016967773,1,,,,,,,,,,0,0,0,0,Kodiak Airport
APN,0,45.0780983,-83.56030273,1,,,,,,,,,,0,0,0,0,Ardabil Airport
ATW,0,44.2580986023,-88.5190963745,1,,,,,,,,,,0,0,0,0,Gustavo Rojas Pinilla International Airport
AUS,0,30.1944999695,-97.6698989868,1,,,,,,,,,,0,0,0,0,Jorge Newbery Airpark
AVL,0,35.4361991882,-82.5418014526,1,,,,,,,,,,0,0,0,0,Sochi International Airport
AVP,0,41.3385009766,-75.7233963013,1,,,,,,,,,,0,0,0,0,Ålesund Airport
AZO,0,42.2349014282,-85.5521011353,1,,,,,,,,,,0,0,0,0,Allakaket Airport
BDL,0,41.9388999939,-72.6831970215,1,,,,,,,,,,0,0,0,0,Alexandria International Airport
BGM,0,42.20869827,-75.97979736,1,,,,,,,,,,0,0,0,0,Akureyri Airport
BGR,0,44.8073997498,-68.8281021118,1,,,,,,,,,,0,0,0,0,Suboficial Ay Santiago Germano Airport
BHM,0,33.56290054,-86.75350189,1,,,,,,,,,,0,0,0,0,Piloto Osvaldo Marques Dias Airport
BMI,0,40.47710037,-88.91590118,1,,,,,,,,,,0,0,0,0,Sabzevar National Airport
BTV,0,44.4719009399,-73.1532974243,1,,,,,,,,,,0,0,0,0,Al Massira Airport
BUF,0,42.94049835,-78.73220062,1,,,,,,,,,,0,0,0,0,Augsburg Airport
CAE,0,33.9388008118,-81.1194992065,1,,,,,,,,,,0,0,0,0,Agen-La Garenne Airport
CAK,0,40.9160995483,-81.442199707,1,,,,,,,,,,0,0,0,0,Ängelholm-Helsingborg Airport
CHA,0,35.0353012085,-85.2037963867,1,,,,,,,,,,0,0,0,0,Angoon Seaplane Base
CHS,0,32.89860153,-80.04049683,1,,,,,,,,,,0,0,0,0,Málaga Airport
CID,0,41.8847007751,-91.7108001709,1,,,,,,,,,,0,0,0,0,Agra Airport
CIU,0,46.2508010864,-84.4723968506,1,,,,,,,,,,0,0,0,0,Augusta Regional At Bush Field
CLE,0,41.4117012024,-81.8498001099,1,,,,,,,,,,0,0,0,0,Guarani International Airport
CMH,0,39.998001,-82.891899,1,,,,,,,,,,0,0,0,0,Jesús Terán Paredo International Airport
CRW,0,38.3731002808,-81.5932006836,1,,,,,,,,,,0,0,0,0,Agatti Airport
CVG,0,39.0488014221,-84.6678009033,1,,,,,,,,,,0,0,0,0,Abha Regional Airport
CWA,0,44.7775993347,-89.6668014526,1,,,,,,,,,,0,0,0,0,Ahe Airport
DAY,0,39.9024009705,-84.2193984985,1,,,,,,,,,,0,0,0,0,Athens Ben Epps Airport
DSM,0,41.5340003967,-93.6631011963,1,,,,,,,,,,0,0,0,0,Alghero-Fertilia Airport
ELM,0,42.1599006653,-76.8916015625,1,,,,,,,,,,0,0,0,0,Cherif Al Idrissi Airport
ERI,0,42.0831270134,-80.1738667488,1,,,,,,,,,,0,0,0,0,Alliance Municipal Airport
ESC,0,45.7226982117,-87.0936965942,1,,,,,,,,,,0,0,0,0,Wainwright Airport
EVV,0,38.0369987488,-87.5324020386,1,,,,,,,,,,0,0,0,0,Aitutaki Airport
FWA,0,40.97850037,-85.19509888,1,,,,,,,,,,0,0,0,0,Enua Airport
GRB,0,44.4850997925,-88.1296005249,1,,,,,,,,,,0,0,0,0,Al-Jawf Domestic Airport
GRR,0,42.88079834,-85.52279663,1,,,,,,,,,,0,0,0,0,Ağrı Airport
GSO,0,36.0978012085,-79.9373016357,1,,,,,,,,,,0,0,0,0,Lengpui Airport
GSP,0,34.8956985474,-82.2189025879,1,,,,,,,,,,0,0,0,0,Arvidsjaur Airport
HPN,0,41.0670013428,-73.7076034546,1,,,,,,,,,,0,0,0,0,Santa Maria Airport
HSV,0,34.6371994019,-86.775100708,1,,,,,,,,,,0,0,0,0,Atka Airport
ILG,0,39.67869949,-75.60649872,1,,,,,,,,,,0,0,0,0,Akiak Airport
IND,0,39.7173,-86.294403,1,,,,,,,,,,0,0,0,0,Asahikawa Airport
ITH,0,42.4910011292,-76.4583969116,1,,,,,,,,,,0,0,0,0,Akhiok Airport
JAX,0,30.4941005707,-81.6878967285,1,,,,,,,,,,0,0,0,0,Auckland International Airport
JFK,0,40.63980103,-73.77890015,1,,,,,,,,,,0,0,0,0,King Salmon Airport
LAN,0,42.7787017822,-84.5874023438,1,,,,,,,,,,0,0,0,0,Anaktuvuk Pass Airport
LEX,0,38.0364990234,-84.6059036255,1,,,,,,,,,,0,0,0,0,Aksu Airport
LIT,0,34.7294006348,-92.2242965698,1,,,,,,,,,,0,0,0,0,Akulivik Airport
MBS,0,43.5329017639,-84.0795974731,1,,,,,,,,,,0,0,0,0,Sittwe Airport
MCI,0,39.2976,-94.713898,1,,,,,,,,,,0,0,0,0,Almaty Airport
MDT,0,40.1935005188,-76.7633972168,1,,,,,,,,,,0,0,0,0,Albany International Airport
MEM,0,35.0424003601,-89.9766998291,1,,,,,,,,,,0,0,0,0,Alicante International Airport
MHT,0,42.932598,-71.435699,1,,,,,,,,,,0,0,0,0,Alta Airport
MKE,0,42.9472007751,-87.8965988159,1,,,,,,,,,,0,0,0,0,Houari Boumediene Airport
MLI,0,41.4485015869,-90.5074996948,1,,,,,,,,,,0,0,0,0,Albany Airport
MQT,0,46.3535995483,-87.395401001,1,,,,,,,,,,0,0,0,0,Waterloo Regional Airport
MSN,0,43.1399002075,-89.3375015259,1,,,,,,,,,,0,0,0,0,San Luis Valley Regional Bergman Field
MSP,0,44.882,-93.221802,1,,,,,,,,,,0,0,0,0,Walla Walla Regional Airport
OKC,0,35.3931007385,-97.6007003784,1,,,,,,,,,,0,0,0,0,Queen Alia International Airport
OMA,0,41.3032,-95.894096,1,,,,,,,,,,0,0,0,0,"Pattimura Airport, Ambon"
ORF,0,36.8945999146,-76.2012023926,1,,,,,,,,,,0,0,0,0,Amsterdam Airport Schiphol
PBI,0,26.6832008362,-80.0955963135,1,,,,,,,,,,0,0,0,0,Ted Stevens Anchorage International Airport
PIA,0,40.6641998291,-89.6932983398,1,,,,,,,,,,0,0,0,0,Cerro Moreno Airport
PIT,0,40.49150085,-80.23290253,1,,,,,,,,,,0,0,0,0,Angoulême-Brie-Champniers Airport
PLN,0,45.57089996,-84.79669952,1,,,,,,,,,,0,0,0,0,Aniak Airport
PVD,0,41.7326011658,-71.4204025269,1,,,,,,,,,,0,0,0,0,Antwerp International Airport (Deurne)
RDU,0,35.8776016235,-78.7874984741,1,,,,,,,,,,0,0,0,0,Andahuaylas Airport
RIC,0,37.5051994324,-77.3197021484,1,,,,,,,,,,0,0,0,0,V.C. Bird International Airport
ROA,0,37.3255,-79.975403,1,,,,,,,,,,0,0,0,0,Anvik Airport
ROC,0,43.1189002991,-77.6724014282,1,,,,,,,,,,0,0,0,0,Andøya Airport
SAT,0,29.533700943,-98.4698028564,1,,,,,,,,,,0,0,0,0,Anadolu Airport
SAV,0,32.12760162,-81.20210266,1,,,,,,,,,,0,0,0,0,Anshan Air Base
SBN,0,41.7086982727,-86.3172988892,1,,,,,,,,,,0,0,0,0,Ancona Falconara Airport
SCE,0,40.8493003845,-77.8487014771,1,,,,,,,,,,0,0,0,0,Aomori Airport
SDF,0,38.1744,-85.736,1,,,,,,,,,,0,0,0,0,Karpathos Airport
SEA,0,47.449001,-122.308998,1,,,,,,,,,,0,0,0,0,Altoona Blair County Airport
SFO,0,37.6189994812,-122.375,1,,,,,,,,,,0,0,0,0,Sultan Abdul Halim Airport
SLC,0,40.7883987427,-111.9779968262,1,,,,,,,,,,0,0,0,0,Nampula Airport
SWF,0,41.5041007996,-74.1047973633,1,,,,,,,,,,0,0,0,0,Alpena County Regional Airport
SYR,0,43.1111984253,-76.106300354,1,,,,,,,,,,0,0,0,0,Antonio Roldan Betancourt Airport
TTN,0,40.2766990662,-74.8134994507,1,,,,,,,,,,0,0,0,0,Faleolo International Airport
TUL,0,36.1983985901,-95.8880996704,1,,,,,,,,,,0,0,0,0,Araraquara Airport
TVC,0,44.7414016724,-85.5821990967,1,,,,,,,,,,0,0,0,0,Anqing Tianzhushan Airport
TYS,0,35.81100082,-83.9940033,1,,,,,,,,,,0,0,0,0,Al Qaisumah/Hafr Al Batin Airport
XNA,0,36.281898,-94.306801,1,,,,,,,,,,0,0,0,0,Aqaba King Hussein International Airport
ABI,0,32.4113006592,-99.6819000244,0,,,,,,,,,,0,0,0,0,Aspen-Pitkin Co/Sardy Field
ABL,0,67.1063,-157.856989,0,,,,,,,,,,0,0,0,0,Amami Airport
ABQ,0,35.040199,-106.609001,0,,,,,,,,,,0,0,0,0,Asosa Airport
ABR,0,45.4491004944,-98.4217987061,0,,,,,,,,,,0,0,0,0,Alice Springs Airport
ABY,0,31.5354995728,-84.1945037842,0,,,,,,,,,,0,0,0,0,Comandante FAP German Arias Graziani Airport
ACK,0,41.25310135,-70.06020355,0,,,,,,,,,,0,0,0,0,Sri Guru Ram Dass Jee International Airport
ACT,0,31.6112995148,-97.2304992676,0,,,,,,,,,,0,0,0,0,Watertown Regional Airport
ACV,0,40.978101,-124.109,0,,,,,,,,,,0,0,0,0,Assiut International Airport
ADK,0,51.8779983521,-176.6459960938,0,,,,,,,,,,0,0,0,0,Austin Bergstrom International Airport
ADQ,0,57.75,-152.4940033,0,,,,,,,,,,0,0,0,0,Araguaína Airport
AET,0,66.5518035889,-152.621994019,0,,,,,,,,,,0,0,0,0,Avalon Airport
AEX,0,31.3274002075,-92.5497970581,0,,,,,,,,,,0,0,0,0,Aniwa Airport
AGN,0,57.503601,-134.585007,0,,,,,,,,,,0,0,0,0,Axum Airport
AGS,0,33.3698997498,-81.9645004272,0,,,,,,,,,,0,0,0,0,Antalya International Airport
AHN,0,33.948600769,-83.3263015747,0,,,,,,,,,,0,0,0,0,Touat Cheikh Sidi Mohamed Belkebir Airport
AIA,0,42.0531997681,-102.804000854,0,,,,,,,,,,0,0,0,0,Batman Airport
AIN,0,70.6380004883,-159.994995117,0,,,,,,,,,,0,0,0,0,Ernesto Cortissoz International Airport
AKB,0,52.22029877,-174.2059937,0,,,,,,,,,,0,0,0,0,Berbera Airport
AKI,0,60.9029006958,-161.231002808,0,,,,,,,,,,0,0,0,0,Barcaldine Airport
AKK,0,56.9387016296,-154.182998657,0,,,,,,,,,,0,0,0,0,L.F. Wade International International Airport
AKN,0,58.67679977,-156.6490021,0,,,,,,,,,,0,0,0,0,Bandar Lengeh Airport
AKP,0,68.13359833,-151.7429962,0,,,,,,,,,,0,0,0,0,Syamsudin Noor Airport
ALO,0,42.5570983887,-92.4002990723,0,,,,,,,,,,0,0,0,0,Val de Cans/Júlio Cezar Ribeiro International Airport
ALS,0,37.434898,-105.866997,0,,,,,,,,,,0,0,0,0,Benina International Airport
ALW,0,46.09489822,-118.288002,0,,,,,,,,,,0,0,0,0,Brest Bretagne Airport
AMA,0,35.219398,-101.706001,0,,,,,,,,,,0,0,0,0,Bethel Airport
ANC,0,61.1744003296,-149.9960021973,0,,,,,,,,,,0,0,0,0,Western Neb. Rgnl/William B. Heilig Airport
ANI,0,61.5816001892,-159.5429992676,0,,,,,,,,,,0,0,0,0,Meadows Field
ANV,0,62.646702,-160.190994,0,,,,,,,,,,0,0,0,0,Bangui M'Poko International Airport
AOO,0,40.29639816,-78.31999969,0,,,,,,,,,,0,0,0,0,Hancock County-Bar Harbor Airport
APF,0,26.1525993347,-81.7752990723,0,,,,,,,,,,0,0,0,0,Woodbourne Airport
ARC,0,68.1147,-145.578995,0,,,,,,,,,,0,0,0,0,Bathurst Airport
ART,0,43.9919013977,-76.021697998,0,,,,,,,,,,0,0,0,0,Frans Kaisiepo Airport
ASE,0,39.22320175,-106.8690033,0,,,,,,,,,,0,0,0,0,Biarritz-Anglet-Bayonne Airport
ATK,0,70.467300415,-157.4360046387,0,,,,,,,,,,0,0,0,0,Kota Kinabalu International Airport
ATY,0,44.91400146,-97.15470123,0,,,,,,,,,,0,0,0,0,Senou Airport
AUG,0,44.3205986023,-69.7973022461,0,,,,,,,,,,0,0,0,0,Bukavu Kavumu Airport
AUK,0,62.6800422668,-164.659927368,0,,,,,,,,,,0,0,0,0,General José Antonio Anzoategui International Airport
AZA,0,33.30780029,-111.6549988,0,,,,,,,,,,0,0,0,0,Benin Airport
BET,0,60.77980042,-161.8379974,0,,,,,,,,,,0,0,0,0,Brno-Tuřany Airport
BFD,0,41.8031005859,-78.6400985718,0,,,,,,,,,,0,0,0,0,Wiley Post Will Rogers Memorial Airport
BFF,0,41.87400055,-103.5960007,0,,,,,,,,,,0,0,0,0,Bosaso Airport
BFI,0,47.5299987793,-122.3020019531,0,,,,,,,,,,0,0,0,0,Presidente Juscelino Kubistschek International Airport
BFL,0,35.43360138,-119.0569992,0,,,,,,,,,,0,0,0,0,Bata Airport
BHB,0,44.45000076,-68.3615036,0,,,,,,,,,,0,0,0,0,Bert Mooney Airport
BIL,0,45.8077011108,-108.5429992676,0,,,,,,,,,,0,0,0,0,Paris Beauvais Tillé Airport
BIS,0,46.7727012634,-100.7460021973,0,,,,,,,,,,0,0,0,0,Brigadeiro Camarão Airport
BJI,0,47.50939941,-94.93370056,0,,,,,,,,,,0,0,0,0,Bol Airport
BKC,0,65.9815979004,-161.149002075,0,,,,,,,,,,0,0,0,0,Bayankhongor Airport
BKW,0,37.7873001099,-81.1241989136,0,,,,,,,,,,0,0,0,0,Béziers-Vias Airport
BLI,0,48.7928009033,-122.5380020142,0,,,,,,,,,,0,0,0,0,Cagliari Elmas Airport
BLV,0,38.5452,-89.835197,0,,,,,,,,,,0,0,0,0,Guangzhou Baiyun International Airport
BOI,0,43.5644,-116.223,0,,,,,,,,,,0,0,0,0,Conceição do Araguaia Airport
BPT,0,29.950799942,-94.0206985474,0,,,,,,,,,,0,0,0,0,Chelyabinsk Balandino Airport
BQK,0,31.2588005066,-81.4664993286,0,,,,,,,,,,0,0,0,0,Cortez Municipal Airport
BRD,0,46.39830017,-94.13809967,0,,,,,,,,,,0,0,0,0,Caen-Carpiquet Airport
BRL,0,40.7831993103,-91.12550354,0,,,,,,,,,,0,0,0,0,Marechal Rondon Airport
BRO,0,25.9067993164,-97.4259033203,0,,,,,,,,,,0,0,0,0,Cape Girardeau Regional Airport
BRW,0,71.285402,-156.766008,0,,,,,,,,,,0,0,0,0,Shah Amanat International Airport
BTI,0,70.1340026855,-143.582000732,0,,,,,,,,,,0,0,0,0,Ciampino–G. B. Pastine International Airport
BTM,0,45.9547996521,-112.497001648,0,,,,,,,,,,0,0,0,0,Chifeng Airport
BTR,0,30.533199,-91.149597,0,,,,,,,,,,0,0,0,0,Changzhi Airport
BTT,0,66.91390228,-151.529007,0,,,,,,,,,,0,0,0,0,Chalkyitsik Airport
BUR,0,34.2006988525,-118.3590011597,0,,,,,,,,,,0,0,0,0,Mayor General FAP Armando Revoredo Iglesias Airport
BZN,0,45.77750015,-111.1529999,0,,,,,,,,,,0,0,0,0,Bandaranaike International Colombo Airport
CDB,0,55.2061004639,-162.7250061035,0,,,,,,,,,,0,0,0,0,Presidente João Suassuna Airport
CDC,0,37.7010002136,-113.0989990234,0,,,,,,,,,,0,0,0,0,Benjamin Rivera Noriega Airport
CDR,0,42.837600708,-103.095001221,0,,,,,,,,,,0,0,0,0,General E. Mosconi Airport
CDV,0,60.4917984,-145.4779968,0,,,,,,,,,,0,0,0,0,Colonel Hill Airport
CEC,0,41.78020096,-124.2369995,0,,,,,,,,,,0,0,0,0,Brussels South Charleroi Airport
CEM,0,65.57379913,-144.7830048,0,,,,,,,,,,0,0,0,0,Cap Skirring Airport
CEZ,0,37.3030014038,-108.627998352,0,,,,,,,,,,0,0,0,0,Cheboksary Airport
CGI,0,37.2252998352,-89.5708007813,0,,,,,,,,,,0,0,0,0,Cumaná (Antonio José de Sucre) Airport
CHO,0,38.1385993958,-78.4529037476,0,,,,,,,,,,0,0,0,0,Afonso Pena Airport
CIC,0,39.79539871,-121.8580017,0,,,,,,,,,,0,0,0,0,Hugo Cantergiani Regional Airport
CIK,0,66.6449966431,-143.740005493,0,,,,,,,,,,0,0,0,0,Vilo Acuña International Airport
CKB,0,39.2966003418,-80.2281036377,0,,,,,,,,,,0,0,0,0,Dallas Love Field
CLD,0,33.12829971,-117.2799988,0,,,,,,,,,,0,0,0,0,James M Cox Dayton International Airport
CLL,0,30.58860016,-96.36380005,0,,,,,,,,,,0,0,0,0,Dubbo City Regional Airport
CLM,0,48.1202011108,-123.5,0,,,,,,,,,,0,0,0,0,Dubuque Regional Airport
CMI,0,40.03919983,-88.27809906,0,,,,,,,,,,0,0,0,0,Decatur Airport
CMX,0,47.1683998108,-88.4890975952,0,,,,,,,,,,0,0,0,0,Indira Gandhi International Airport
CNM,0,32.3375015259,-104.2630004883,0,,,,,,,,,,0,0,0,0,Sibulan Airport
CNY,0,38.75500107,-109.7549973,0,,,,,,,,,,0,0,0,0,Dibrugarh Airport
COD,0,44.520198822,-109.024002075,0,,,,,,,,,,0,0,0,0,Arrachart Airport
COS,0,38.805801,-104.700996,0,,,,,,,,,,0,0,0,0,Dien Bien Phu Airport
COU,0,38.8180999756,-92.2195968628,0,,,,,,,,,,0,0,0,0,Aba Tenna Dejazmach Yilma International Airport
CPR,0,42.90800095,-106.4639969,0,,,,,,,,,,0,0,0,0,Djanet Inedbirene Airport
CRP,0,27.7703990936,-97.5011978149,0,,,,,,,,,,0,0,0,0,Dali Airport
CSG,0,32.5163002014,-84.9389038086,0,,,,,,,,,,0,0,0,0,Dillon's Bay Airport
CYF,0,60.1492004395,-164.285995483,0,,,,,,,,,,0,0,0,0,Detroit Metropolitan Wayne County Airport
CYS,0,41.15570068,-104.8119965,0,,,,,,,,,,0,0,0,0,DuBois Regional Airport
DAB,0,29.179899,-81.058098,0,,,,,,,,,,0,0,0,0,Ugolny Airport
DAL,0,32.847099,-96.851799,0,,,,,,,,,,0,0,0,0,Zhezkazgan Airport
DBQ,0,42.40200043,-90.70950317,0,,,,,,,,,,0,0,0,0,El Bayadh Airport
DDC,0,37.7634010315,-99.9655990601,0,,,,,,,,,,0,0,0,0,Northwest Florida Beaches International Airport
DEC,0,39.8345985413,-88.8656997681,0,,,,,,,,,,0,0,0,0,Balıkesir Körfez Airport
DHN,0,31.3213005066,-85.4496002197,0,,,,,,,,,,0,0,0,0,Egilsstaðir Airport
DIK,0,46.7974014282,-102.802001953,0,,,,,,,,,,0,0,0,0,Al Wajh Domestic Airport
DLG,0,59.04470062,-158.5050049,0,,,,,,,,,,0,0,0,0,Elfin Cove Seaplane Base
DLH,0,46.8420982361,-92.1936035156,0,,,,,,,,,,0,0,0,0,East Midlands Airport
DRG,0,66.0696029663,-162.76600647,0,,,,,,,,,,0,0,0,0,General Rivadeneira Airport
DRO,0,37.1515007019,-107.753997803,0,,,,,,,,,,0,0,0,0,Eilat Airport
DTW,1,42.2123985291,-83.3534011841,0,,,,,,,,,,0,0,0,0,Zvartnots International Airport
DUJ,0,41.17829895,-78.8986969,0,,,,,,,,,,0,0,0,0,Coastal Carolina Regional Airport
DUT,0,53.900100708,-166.544006348,0,,,,,,,,,,0,0,0,0,Beloyarskiy Airport
EAT,0,47.3988990784,-120.207000732,0,,,,,,,,,,0,0,0,0,Glacier Park International Airport
EAU,0,44.8657989502,-91.4842987061,0,,,,,,,,,,0,0,0,0,Leonardo da Vinci–Fiumicino Airport
ECP,0,30.357106,-85.795414,0,,,,,,,,,,0,0,0,0,Karlsruhe Baden-Baden Airport
EEK,0,60.21367264,-162.0438843,0,,,,,,,,,,0,0,0,0,Gustavo Artunduaga Paredes Airport
EGE,0,39.64260101,-106.9179993,0,,,,,,,,,,0,0,0,0,Hercílio Luz International Airport
EGX,0,58.1855010986,-157.375,0,,,,,,,,,,0,0,0,0,Formosa Airport
EKO,0,40.8249015808,-115.7919998169,0,,,,,,,,,,0,0,0,0,Madeira Airport
ELD,0,33.2210006714,-92.8133010864,0,,,,,,,,,,0,0,0,0,Bishop International Airport
ELI,0,64.61470032,-162.2720032,0,,,,,,,,,,0,0,0,0,Pinto Martins International Airport
ELP,0,31.80719948,-106.3779984,0,,,,,,,,,,0,0,0,0,Grand Bahama International Airport
ELV,0,58.1952018738,-136.347000122,0,,,,,,,,,,0,0,0,0,Florø Airport
EMK,0,62.78609848,-164.4909973,0,,,,,,,,,,0,0,0,0,Francistown Airport
ENA,0,60.5731010437,-151.2449951172,0,,,,,,,,,,0,0,0,0,Figari Sud-Corse Airport
ESD,0,48.7081985474,-122.910003662,0,,,,,,,,,,0,0,0,0,Yamagata Airport
EUG,0,44.1245994568,-123.2119979858,0,,,,,,,,,,0,0,0,0,Sir Seretse Khama International Airport
EWB,0,41.6761016846,-70.9569015503,0,,,,,,,,,,0,0,0,0,Owen Roberts International Airport
EWN,0,35.0730018616,-77.0429000854,0,,,,,,,,,,0,0,0,0,Grand Canyon National Park Airport
EYW,0,24.5561008453,-81.7595977783,0,,,,,,,,,,0,0,0,0,Gonder Airport
FAI,0,64.81510162,-147.8560028,0,,,,,,,,,,0,0,0,0,Gelendzhik Airport
FAR,0,46.9207000732,-96.8158035278,0,,,,,,,,,,0,0,0,0,Spokane International Airport
FAT,0,36.7761993408,-119.7180023193,0,,,,,,,,,,0,0,0,0,Santo Ângelo Airport
FAY,0,34.9911994934,-78.8803024292,0,,,,,,,,,,0,0,0,0,General Santos International Airport
FCA,0,48.3105010986,-114.2559967041,0,,,,,,,,,,0,0,0,0,Gällivare Airport
FKL,0,41.3778991699,-79.8603973389,0,,,,,,,,,,0,0,0,0,Rio Galeão – Tom Jobim International Airport
FLG,0,35.13850021,-111.6709976,0,,,,,,,,,,0,0,0,0,Jizan Regional Airport
FLO,0,34.1853981018,-79.7238998413,0,,,,,,,,,,0,0,0,0,Grand Junction Regional Airport
FMN,0,36.7411994934,-108.230003357,0,,,,,,,,,,0,0,0,0,Galcaio Airport
FNT,0,42.9654006958,-83.743598938,0,,,,,,,,,,0,0,0,0,Gimpo International Airport
FOE,0,38.9509010315,-95.6635971069,0,,,,,,,,,,0,0,0,0,La Gomera Airport
FRD,0,48.5219993591,-123.024002075,0,,,,,,,,,,0,0,0,0,Şanlıurfa GAP Airport
FSD,0,43.5820007324,-96.741897583,0,,,,,,,,,,0,0,0,0,Golmud Airport
FSM,0,35.3366012573,-94.367401123,0,,,,,,,,,,0,0,0,0,Gothenburg-Landvetter Airport
FYU,0,66.5715026855,-145.25,0,,,,,,,,,,0,0,0,0,Robert Gray  Army Air Field Airport
GAL,0,64.73619843,-156.9369965,0,,,,,,,,,,0,0,0,0,Gerald R. Ford International Airport
GAM,0,63.7667999268,-171.733001709,0,,,,,,,,,,0,0,0,0,Guarulhos - Governador André Franco Montoro International Airport
GCC,0,44.3488998413,-105.539001465,0,,,,,,,,,,0,0,0,0,Gustavus Airport
GCK,0,37.9275016785,-100.723999023,0,,,,,,,,,,0,0,0,0,Jalaluddin Airport
GCN,0,35.9524002075,-112.1470031738,0,,,,,,,,,,0,0,0,0,Golden Triangle Regional Airport
GDV,0,47.13869858,-104.8069992,0,,,,,,,,,,0,0,0,0,Geneva Cointrin International Airport
GEG,0,47.6198997498,-117.533996582,0,,,,,,,,,,0,0,0,0,Westerland Sylt Airport
GFK,0,47.949299,-97.176102,0,,,,,,,,,,0,0,0,0,Guangyuan Airport
GGG,0,32.3839988708,-94.7115020752,0,,,,,,,,,,0,0,0,0,Gazipaşa Airport
GGW,0,48.212502,-106.614998,0,,,,,,,,,,0,0,0,0,Hasvik Airport
GJT,0,39.1223983765,-108.527000427,0,,,,,,,,,,0,0,0,0,José Martí International Airport
GLH,0,33.4828987122,-90.9856033325,0,,,,,,,,,,0,0,0,0,Heringsdorf Airport
GLV,0,64.5504989624,-163.007003784,0,,,,,,,,,,0,0,0,0,Hoedspruit Air Force Base Airport
GNV,0,29.6900997162,-82.2717971802,0,,,,,,,,,,0,0,0,0,Haifa International Airport
GPT,0,30.4073009491,-89.070098877,0,,,,,,,,,,0,0,0,0,Zhijiang Airport
GRI,0,40.9674987793,-98.3096008301,0,,,,,,,,,,0,0,0,0,Khajuraho Airport
GRK,0,31.067199707,-97.8289031982,0,,,,,,,,,,0,0,0,0,Hong Kong International Airport
GST,0,58.4253006,-135.7070007,0,,,,,,,,,,0,0,0,0,Hamilton International Airport
GTF,0,47.48199844,-111.3710022,0,,,,,,,,,,0,0,0,0,Sohag International Airport
GTR,0,33.4502983093,-88.5914001465,0,,,,,,,,,,0,0,0,0,Hami Airport
GUC,0,38.53390121,-106.9329987,0,,,,,,,,,,0,0,0,0,Hemavan Airport
HCR,0,62.1883010864,-159.7749938965,0,,,,,,,,,,0,0,0,0,Chita-Kadala Airport
HDN,0,40.48120117,-107.2180023,0,,,,,,,,,,0,0,0,0,Hatay Airport
HGR,0,39.707901,-77.72949982,0,,,,,,,,,,0,0,0,0,Huangyan Luqiao Airport
HHH,0,32.2243995667,-80.6975021362,0,,,,,,,,,,0,0,0,0,Igarka Airport
HIB,0,47.38660049,-92.83899689,0,,,,,,,,,,0,0,0,0,Niagara Falls International Airport
HLN,0,46.6068000793,-111.983001709,0,,,,,,,,,,0,0,0,0,Devi Ahilyabai Holkar Airport
HNH,0,58.0961,-135.410111,0,,,,,,,,,,0,0,0,0,Izhevsk Airport
HNL,0,21.32062,-157.924228,0,,,,,,,,,,0,0,0,0,Imam Khomeini International Airport
HNM,0,20.7956008911,-156.0140075684,0,,,,,,,,,,0,0,0,0,Iki Airport
HNS,0,59.2438011169,-135.5240020752,0,,,,,,,,,,0,0,0,0,Nikolski Air Station
HOB,0,32.6875,-103.2170029,0,,,,,,,,,,0,0,0,0,Tiksi Airport
HOM,0,59.6455993652,-151.4770050049,0,,,,,,,,,,0,0,0,0,Iloilo International Airport
HON,0,44.3852005005,-98.2285003662,0,,,,,,,,,,0,0,0,0,Île des Pins Airport
HOT,0,34.4780006409,-93.0961990356,0,,,,,,,,,,0,0,0,0,Islay Airport
HOU,0,29.64539909,-95.27890015,0,,,,,,,,,,0,0,0,0,Imphal Airport
HPB,0,61.52389908,-166.1470032,0,,,,,,,,,,0,0,0,0,Ford Airport
HRL,0,26.2285003662,-97.6544036865,0,,,,,,,,,,0,0,0,0,Inverness Airport
HRO,0,36.2615013123,-93.1547012329,0,,,,,,,,,,0,0,0,0,Ioannina Airport
HSL,0,65.69789886,-156.3509979,0,,,,,,,,,,0,0,0,0,Bahia - Jorge Amado Airport
HTS,0,38.36669922,-82.55799866,0,,,,,,,,,,0,0,0,0,Imperial County Airport
HUS,0,66.04109955,-154.2630005,0,,,,,,,,,,0,0,0,0,Coronel FAP Francisco Secada Vignetta International Airport
HVN,0,41.26369858,-72.88680267,0,,,,,,,,,,0,0,0,0,Tapuruquara Airport
HVR,0,48.54299927,-109.762001,0,,,,,,,,,,0,0,0,0,Mount Isa Airport
HYA,0,41.66930008,-70.28040314,0,,,,,,,,,,0,0,0,0,St. Mary's Airport
HYG,0,55.2062988281,-132.8280029297,0,,,,,,,,,,0,0,0,0,Ishigaki Airport
IAG,0,43.1072998047,-78.9461975098,0,,,,,,,,,,0,0,0,0,Sulaymaniyah International Airport
IAN,0,66.9759979248,-160.43699646,0,,,,,,,,,,0,0,0,0,Ithaca Tompkins Regional Airport
ICT,0,37.649899,-97.433098,0,,,,,,,,,,0,0,0,0,Bagdogra Airport
IDA,0,43.514599,-112.070999,0,,,,,,,,,,0,0,0,0,Chandigarh Airport
IGG,0,59.3240013123,-155.9019927979,0,,,,,,,,,,0,0,0,0,Birsa Munda Airport
IKO,0,52.9416007996,-168.8489990234,0,,,,,,,,,,0,0,0,0,Jaipur International Airport
ILI,0,59.75439835,-154.9109955,0,,,,,,,,,,0,0,0,0,Ilulissat Airport
ILM,0,34.2705993652,-77.9026031494,0,,,,,,,,,,0,0,0,0,Jacksonville International Airport
IMT,0,45.8184013367,-88.1145019531,0,,,,,,,,,,0,0,0,0,Jingdezhen Airport
INL,0,48.5662002563,-93.4030990601,0,,,,,,,,,,0,0,0,0,Jersey Airport
IPL,0,32.8342018127,-115.57900238,0,,,,,,,,,,0,0,0,0,Ikaria Airport
IPT,0,41.2417984009,-76.9210968018,0,,,,,,,,,,0,0,0,0,Jiujiang Lushan Airport
IRC,0,65.830498,-144.076008,0,,,,,,,,,,0,0,0,0,Kalymnos Airport
IRK,0,40.09349823,-92.5448989868,0,,,,,,,,,,0,0,0,0,Jabalpur Airport
ISN,0,48.177898407,-103.641998291,0,,,,,,,,,,0,0,0,0,Juneau International Airport
ISP,0,40.79520035,-73.10019684,0,,,,,,,,,,0,0,0,0,Naxos Airport
ITO,0,19.7213993073,-155.0480041504,0,,,,,,,,,,0,0,0,0,Jolo Airport
JAC,0,43.6072998047,-110.7379989624,0,,,,,,,,,,0,0,0,0,Jixi Xingkaihu Airport
JAN,0,32.3111991882,-90.0758972168,0,,,,,,,,,,0,0,0,0,Kasama Airport
JBR,0,35.8316993713,-90.6464004517,0,,,,,,,,,,0,0,0,0,Mallam Aminu International Airport
JHM,0,20.9629001617,-156.6730041504,0,,,,,,,,,,0,0,0,0,Koggala Airport
JHW,0,42.15340042,-79.25800323,0,,,,,,,,,,0,0,0,0,Kandahar Airport
JLN,0,37.1517982483,-94.498298645,0,,,,,,,,,,0,0,0,0,Keewaywin Airport
JNU,0,58.3549995422,-134.5760040283,0,,,,,,,,,,0,0,0,0,Kalgoorlie Boulder Airport
JST,0,40.3161010742,-78.8339004517,0,,,,,,,,,,0,0,0,0,Kish International Airport
KAL,0,64.31909943,-158.7409973,0,,,,,,,,,,0,0,0,0,Kalskag Airport
KFP,0,54.8474006653,-163.4100036621,0,,,,,,,,,,0,0,0,0,Kotlik Airport
KKA,0,64.9394989014,-161.154006958,0,,,,,,,,,,0,0,0,0,Ketapang(Rahadi Usman) Airport
KKH,0,59.9608001709,-162.880996704,0,,,,,,,,,,0,0,0,0,Ketchikan International Airport
KLG,0,61.5363006592,-160.341003418,0,,,,,,,,,,0,0,0,0,Kuantan Airport
KLN,0,57.5350990295,-153.977996826,0,,,,,,,,,,0,0,0,0,Kudat Airport
KLW,0,55.5792007446,-133.076004028,0,,,,,,,,,,0,0,0,0,Kaunas International Airport
KOA,0,19.738783,-156.045603,0,,,,,,,,,,0,0,0,0,Gwangju Airport
KOT,0,63.0306015015,-163.533004761,0,,,,,,,,,,0,0,0,0,Kyzyl Airport
KPN,0,59.9329986572,-164.031005859,0,,,,,,,,,,0,0,0,0,Zafer Airport
KPV,0,55.905998,-159.162993,0,,,,,,,,,,0,0,0,0,Quatro de Fevereiro Airport
KQA,0,54.1337704415,-165.778895617,0,,,,,,,,,,0,0,0,0,Nadzab Airport
KSM,0,62.0605011,-163.302002,0,,,,,,,,,,0,0,0,0,Komodo Airport
KTN,0,55.35559845,-131.7140045,0,,,,,,,,,,0,0,0,0,London City Airport
KTS,0,65.3312988281,-166.466003418,0,,,,,,,,,,0,0,0,0,Governador José Richa Airport
KUK,0,60.87440109,-162.5240021,0,,,,,,,,,,0,0,0,0,Lebanon Municipal Airport
KVC,0,55.1162986755,-162.2660064697,0,,,,,,,,,,0,0,0,0,Alfredo Vásquez Cobo International Airport
KVL,0,67.7361984253,-164.56300354,0,,,,,,,,,,0,0,0,0,Lafayette Regional Airport
KWK,0,59.876499,-163.169005,0,,,,,,,,,,0,0,0,0,Langkawi International Airport
KWN,0,59.7551,-161.845,0,,,,,,,,,,0,0,0,0,London Gatwick Airport
KWT,0,60.7902984619,-161.444000244,0,,,,,,,,,,0,0,0,0,Alama Iqbal International Airport
KYU,0,64.8760986328,-157.727005005,0,,,,,,,,,,0,0,0,0,Lifou Airport
LAM,0,35.8797988892,-106.268997192,0,,,,,,,,,,0,0,0,0,Lodja Airport
LAR,0,41.3120994568,-105.6750030518,0,,,,,,,,,,0,0,0,0,Lokichoggio Airport
LAW,0,34.5676994324,-98.4166030884,0,,,,,,,,,,0,0,0,0,Banak Airport
LBB,0,33.663601,-101.822998,0,,,,,,,,,,0,0,0,0,Luleå Airport
LBE,0,40.27590179,-79.40480042,0,,,,,,,,,,0,0,0,0,Lalibella Airport
LBF,0,41.12620163,-100.6839981,0,,,,,,,,,,0,0,0,0,Lankaran International Airport
LBL,0,37.0442009,-100.9599991,0,,,,,,,,,,0,0,0,0,Lilongwe International Airport
LCH,0,30.1261005402,-93.2232971191,0,,,,,,,,,,0,0,0,0,Lonorore Airport
LCK,0,39.813801,-82.927803,0,,,,,,,,,,0,0,0,0,Lincoln Airport
LEB,0,43.6260986328,-72.3041992188,0,,,,,,,,,,0,0,0,0,Gran Canaria Airport
LFT,0,30.20529938,-91.98760223,0,,,,,,,,,,0,0,0,0,Caucaya Airport
LGB,0,33.81769943,-118.1520004,0,,,,,,,,,,0,0,0,0,Longreach Airport
LIH,0,21.9759998322,-159.3390045166,0,,,,,,,,,,0,0,0,0,Lismore Airport
LMA,0,63.886002,-152.302002,0,,,,,,,,,,0,0,0,0,Lewiston Nez Perce County Airport
LMT,0,42.156101,-121.733002,0,,,,,,,,,,0,0,0,0,Luxor International Airport
LNK,0,40.8510017395,-96.7592010498,0,,,,,,,,,,0,0,0,0,Edward Bodden Airfield
LNS,0,40.1217002869,-76.2960968018,0,,,,,,,,,,0,0,0,0,Lycksele Airport
LNY,0,20.7856006622,-156.9510040283,0,,,,,,,,,,0,0,0,0,Lianyungang Airport
LPS,0,48.4838981628,-122.93800354,0,,,,,,,,,,0,0,0,0,Marshall Islands International Airport
LRD,0,27.543800354,-99.4616012573,0,,,,,,,,,,0,0,0,0,Mae Sot Airport
LSE,0,43.879002,-91.256699,0,,,,,,,,,,0,0,0,0,Manistee Co Blacker Airport
LUK,0,39.10329819,-84.41860199,0,,,,,,,,,,0,0,0,0,Sunshine Coast Airport
LUR,0,68.87509918,-166.1100006,0,,,,,,,,,,0,0,0,0,Mbandaka Airport
LWB,0,37.8582992554,-80.3994979858,0,,,,,,,,,,0,0,0,0,Chicago Midway International Airport
LWS,0,46.3745002747,-117.0149993896,0,,,,,,,,,,0,0,0,0,Melbourne Essendon Airport
LYH,0,37.3266983032,-79.2004013062,0,,,,,,,,,,0,0,0,0,Licenciado Benito Juarez International Airport
MAF,0,31.9424991608,-102.202003479,0,,,,,,,,,,0,0,0,0,Milingimbi Airport
MBL,0,44.2723999,-86.24690247,0,,,,,,,,,,0,0,0,0,Merimbula Airport
MCE,0,37.28469849,-120.5139999,0,,,,,,,,,,0,0,0,0,Misima Island Airport
MCG,0,62.95289993,-155.6060028,0,,,,,,,,,,0,0,0,0,Moenjodaro Airport
MCK,0,40.20629883,-100.5920029,0,,,,,,,,,,0,0,0,0,Mosjøen Airport (Kjærstad)
MCN,0,32.6927986145,-83.6492004395,0,,,,,,,,,,0,0,0,0,Mbuji Mayi Airport
MEI,0,32.3325996399,-88.7518997192,0,,,,,,,,,,0,0,0,0,Milos Airport
MFE,0,26.17580032,-98.23860168,0,,,,,,,,,,0,0,0,0,Malatya Erhaç Airport
MFR,0,42.3741989136,-122.8730010986,0,,,,,,,,,,0,0,0,0,Memanbetsu Airport
MGM,0,32.30059814,-86.39399719,0,,,,,,,,,,0,0,0,0,Morristown Municipal Airport
MGW,0,39.64289856,-79.91629791,0,,,,,,,,,,0,0,0,0,Maningrida Airport
MHK,0,39.1409988403,-96.6707992554,0,,,,,,,,,,0,0,0,0,Maumere(Wai Oti) Airport
MKG,0,43.16949844,-86.23819733,0,,,,,,,,,,0,0,0,0,Moma Airport
MKK,0,21.1529006958,-157.095993042,0,,,,,,,,,,0,0,0,0,Mildura Airport
MKL,0,35.59989929,-88.91560364,0,,,,,,,,,,0,0,0,0,Mardin Airport
MLB,0,28.1028003693,-80.6453018188,0,,,,,,,,,,0,0,0,0,Marseille Provence Airport
MLL,0,61.8642997742,-162.026000977,0,,,,,,,,,,0,0,0,0,Mahshahr Airport
MLU,0,32.5108985901,-92.0376968384,0,,,,,,,,,,0,0,0,0,Misawa Air Base
MLY,0,64.9975967407,-150.643997192,0,,,,,,,,,,0,0,0,0,Missoula International Airport
MMH,0,37.62409973,-118.8379974,0,,,,,,,,,,0,0,0,0,Muş Airport
MMU,0,40.7994003296,-74.4149017334,0,,,,,,,,,,0,0,0,0,Massawa International Airport
MOB,0,30.6912002563,-88.2427978516,0,,,,,,,,,,0,0,0,0,Mota Lava Airport
MOD,0,37.62580109,-120.9540024,0,,,,,,,,,,0,0,0,0,Munda Airport
MOT,0,48.2593994141,-101.2799987793,0,,,,,,,,,,0,0,0,0,Maturín Airport
MOU,0,62.0954017639,-163.6820068359,0,,,,,,,,,,0,0,0,0,Marudi Airport
MRY,0,36.5870018005,-121.8430023193,0,,,,,,,,,,0,0,0,0,Mysore Airport
MSL,0,34.74530029,-87.61019897,0,,,,,,,,,,0,0,0,0,Mtwara Airport
MSO,0,46.91630173,-114.0910034,0,,,,,,,,,,0,0,0,0,Miri Airport
MSS,0,44.935798645,-74.8455963135,0,,,,,,,,,,0,0,0,0,La Nubia Airport
MTJ,0,38.5097999573,-107.893997192,0,,,,,,,,,,0,0,0,0,Dr. Babasaheb Ambedkar International Airport
MUE,0,20.0013008118,-155.6679992676,0,,,,,,,,,,0,0,0,0,Governador Aluízio Alves International Airport
MVY,0,41.3931007385,-70.6143035889,0,,,,,,,,,,0,0,0,0,Nouadhibou International Airport
MWA,0,37.75500107,-89.01110077,0,,,,,,,,,,0,0,0,0,Qiqihar Sanjiazi Airport
MYU,0,60.3713989258,-166.2709960938,0,,,,,,,,,,0,0,0,0,Nouakchott–Oumtounsy International Airport
NIB,0,63.0186,-154.358002,0,,,,,,,,,,0,0,0,0,Newcastle Airport
NLG,0,56.0074996948,-161.1600036621,0,,,,,,,,,,0,0,0,0,Benito Salas Airport
NME,0,60.4710006714,-164.7010040283,0,,,,,,,,,,0,0,0,0,Norwich International Airport
NUI,0,70.2099990845,-151.005996704,0,,,,,,,,,,0,0,0,0,Will Rogers World Airport
NUL,0,64.729301,-158.074005,0,,,,,,,,,,0,0,0,0,Okayama Airport
OAJ,0,34.8292007446,-77.6120986938,0,,,,,,,,,,0,0,0,0,Odate Noshiro Airport
OAK,0,37.721298,-122.221001,0,,,,,,,,,,0,0,0,0,Zonguldak Airport
OBU,0,66.9123001099,-156.897003174,0,,,,,,,,,,0,0,0,0,Francisco de Sá Carneiro Airport
OGD,0,41.1958999634,-112.0120010376,0,,,,,,,,,,0,0,0,0,Juan Mendoza Airport
OGG,0,20.8986,-156.429993,0,,,,,,,,,,0,0,0,0,Robert (Bob) Curtis Memorial Airport
OGS,0,44.6819000244,-75.4654998779,0,,,,,,,,,,0,0,0,0,Åre Östersund Airport
OLF,0,48.0945014954,-105.574996948,0,,,,,,,,,,0,0,0,0,Angads Airport
OME,0,64.5121994019,-165.4450073242,0,,,,,,,,,,0,0,0,0,Asturias Airport
ONT,0,34.0559997559,-117.6009979248,0,,,,,,,,,,0,0,0,0,Pagadian Airport
OOK,0,60.54140091,-165.0870056,0,,,,,,,,,,0,0,0,0,Barkley Regional Airport
ORH,0,42.2672996521,-71.8757019043,0,,,,,,,,,,0,0,0,0,El Tajín National Airport
ORV,0,66.81790161,-161.0189972,0,,,,,,,,,,0,0,0,0,Paro Airport
OTH,0,43.417098999,-124.2460021973,0,,,,,,,,,,0,0,0,0,Minangkabau International Airport
OTZ,0,66.88469696,-162.598999,0,,,,,,,,,,0,0,0,0,Capitan Corbeta CA Curbelo International Airport
OWB,0,37.74010086,-87.16680145,0,,,,,,,,,,0,0,0,0,Matecaña International Airport
PAH,0,37.060798645,-88.7738037109,0,,,,,,,,,,0,0,0,0,Peshawar International Airport
PBG,0,44.6509017944,-73.4681015015,0,,,,,,,,,,0,0,0,0,Pangkal Pinang (Depati Amir) Airport
PDT,0,45.695098877,-118.841003418,0,,,,,,,,,,0,0,0,0,Pocatello Regional Airport
PGA,0,36.92610168,-111.447998,0,,,,,,,,,,0,0,0,0,Iskandar Airport
PGD,0,26.92020035,-81.9905014,0,,,,,,,,,,0,0,0,0,Pokhara Airport
PGV,0,35.6352005,-77.38529968,0,,,,,,,,,,0,0,0,0,Sultan Mahmud Badaruddin II Airport
PHF,0,37.13190079,-76.49299622,0,,,,,,,,,,0,0,0,0,Pampulha - Carlos Drummond de Andrade Airport
PIB,0,31.4671001434,-89.337097168,0,,,,,,,,,,0,0,0,0,Port Elizabeth Airport
PIE,0,27.91020012,-82.68740082,0,,,,,,,,,,0,0,0,0,El Tepual Airport
PIH,0,42.9098014832,-112.5960006714,0,,,,,,,,,,0,0,0,0,Parma Airport
PIP,0,57.5803985596,-157.572006226,0,,,,,,,,,,0,0,0,0,Palmerston North Airport
PIR,0,44.38270187,-100.2860031,0,,,,,,,,,,0,0,0,0,Del Caribe Santiago Mariño International Airport
PIZ,0,69.73290253,-163.0050049,0,,,,,,,,,,0,0,0,0,Pamplona Airport
PKA,0,60.70289993,-161.7779999,0,,,,,,,,,,0,0,0,0,Pantelleria Airport
PKB,0,39.3451004028,-81.439201355,0,,,,,,,,,,0,0,0,0,Girua Airport
PNS,0,30.473400116,-87.1865997314,0,,,,,,,,,,0,0,0,0,Priština International Airport
PQI,0,46.68899918,-68.0447998,0,,,,,,,,,,0,0,0,0,Pdte. Carlos Ibañez del Campo Airport
PRC,0,34.65449905,-112.4199982,0,,,,,,,,,,0,0,0,0,Pula Airport
PSC,0,46.2647018433,-119.1190032959,0,,,,,,,,,,0,0,0,0,Aktion National Airport
PSG,0,56.80170059,-132.9450073,0,,,,,,,,,,0,0,0,0,Provo Municipal Airport
PSM,0,43.0778999329,-70.8233032227,0,,,,,,,,,,0,0,0,0,Portland International Jetport Airport
PSP,0,33.82970047,-116.5070037842,0,,,,,,,,,,0,0,0,0,Puerto Escondido International Airport
PTH,0,56.9590988159,-158.6329956055,0,,,,,,,,,,0,0,0,0,Polyarny Airport
PTU,0,59.0113983154,-161.8200073242,0,,,,,,,,,,0,0,0,0,Zhob Airport
PUB,0,38.289100647,-104.497001648,0,,,,,,,,,,0,0,0,0,Port Sudan New International Airport
PUW,0,46.7439,-117.110001,0,,,,,,,,,,0,0,0,0,Tokua Airport
PVC,0,42.0718994141,-70.2213973999,0,,,,,,,,,,0,0,0,0,Praia International Airport
PVU,0,40.2192001343,-111.7229995728,0,,,,,,,,,,0,0,0,0,Rapid City Regional Airport
PWM,0,43.64619827,-70.30930328,0,,,,,,,,,,0,0,0,0,Sardar-e-Jangal Airport
RAP,0,44.04529953,-103.0569992065,0,,,,,,,,,,0,0,0,0,Raiatea Airport
RBY,0,64.72720337,-155.4700012,0,,,,,,,,,,0,0,0,0,Burgos Airport
RDD,0,40.50899887,-122.2929993,0,,,,,,,,,,0,0,0,0,Richmond International Airport
RDM,0,44.2541008,-121.1500015,0,,,,,,,,,,0,0,0,0,Riverton Regional Airport
RFD,0,42.195400238,-89.0971984863,0,,,,,,,,,,0,0,0,0,Roma Airport
RHI,0,45.6311988831,-89.4674987793,0,,,,,,,,,,0,0,0,0,Reno Tahoe International Airport
RIW,0,43.064201355,-108.459999084,0,,,,,,,,,,0,0,0,0,Greater Rochester International Airport
RKD,0,44.06010056,-69.09919739,0,,,,,,,,,,0,0,0,0,Rotorua Regional Airport
RKS,0,41.5942,-109.065001,0,,,,,,,,,,0,0,0,0,Platov International Airport
RNO,0,39.4990997314,-119.7679977417,0,,,,,,,,,,0,0,0,0,Rotterdam The Hague Airport
ROW,0,33.3016014099,-104.53099823,0,,,,,,,,,,0,0,0,0,Rovaniemi Airport
RSH,0,61.7788848877,-161.319458008,0,,,,,,,,,,0,0,0,0,Rzeszów-Jasionka Airport
RST,0,43.9082984924,-92.5,0,,,,,,,,,,0,0,0,0,Ramsar Airport
RUT,0,43.52939987,-72.94960022,0,,,,,,,,,,0,0,0,0,Gustaf III Airport
SAF,0,35.617099762,-106.088996887,0,,,,,,,,,,0,0,0,0,Santiago de Compostela Airport
SBA,0,34.42620087,-119.8399963,0,,,,,,,,,,0,0,0,0,Santa Cruz/Graciosa Bay/Luova Airport
SBP,0,35.2368011475,-120.641998291,0,,,,,,,,,,0,0,0,0,Vicecomodoro Angel D. La Paz Aragonés Airport
SBY,0,38.3404998779,-75.5102996826,0,,,,,,,,,,0,0,0,0,Sanandaj Airport
SCC,0,70.19470215,-148.4649963,0,,,,,,,,,,0,0,0,0,Sandakan Airport
SCK,0,37.8941993713,-121.2379989624,0,,,,,,,,,,0,0,0,0,Sundsvall-Härnösand Airport
SCM,0,61.8452987671,-165.570999146,0,,,,,,,,,,0,0,0,0,Sand Point Airport
SDP,0,55.3149986267,-160.5229949951,0,,,,,,,,,,0,0,0,0,Skellefteå Airport
SDY,0,47.706902,-104.193001,0,,,,,,,,,,0,0,0,0,St George Airport
SFB,0,28.7775993347,-81.2375030518,0,,,,,,,,,,0,0,0,0,Nakashibetsu Airport
SGF,0,37.24570084,-93.38860321,0,,,,,,,,,,0,0,0,0,Shanhaiguan Airport
SGU,0,37.036389,-113.510306,0,,,,,,,,,,0,0,0,0,Sharurah Airport
SGY,0,59.4600982666,-135.3159942627,0,,,,,,,,,,0,0,0,0,Shageluk Airport
SHD,0,38.2638015747,-78.8964004517,0,,,,,,,,,,0,0,0,0,Simferopol International Airport
SHG,0,66.8880996704,-157.1620025635,0,,,,,,,,,,0,0,0,0,Norman Y. Mineta San Jose International Airport
SHH,0,66.249604,-166.089112,0,,,,,,,,,,0,0,0,0,Los Cabos International Airport
SHR,0,44.7691993713,-106.9800033569,0,,,,,,,,,,0,0,0,0,São Gabriel da Cachoeira Airport
SHV,0,32.446602,-93.8256,0,,,,,,,,,,0,0,0,0,Juan Santamaria International Airport
SHX,0,62.6922988892,-159.569000244,0,,,,,,,,,,0,0,0,0,San Angelo Regional Mathis Field
SIT,0,57.0471000671,-135.3619995117,0,,,,,,,,,,0,0,0,0,Robert L. Bradshaw International Airport
SJC,0,37.362598,-121.929001,0,,,,,,,,,,0,0,0,0,Samarkand Airport
SJT,0,31.3577003479,-100.4960021973,0,,,,,,,,,,0,0,0,0,Saransk Airport
SKK,0,64.37110138,-161.223999,0,,,,,,,,,,0,0,0,0,Salamanca Airport
SLK,0,44.3852996826,-74.206199646,0,,,,,,,,,,0,0,0,0,Sacramento International Airport
SLN,0,38.7910003662,-97.6521987915,0,,,,,,,,,,0,0,0,0,Stella Maris Airport
SLQ,0,61.7005004883,-157.166000366,0,,,,,,,,,,0,0,0,0,Sainte Marie Airport
SMF,0,38.695400238,-121.591003418,0,,,,,,,,,,0,0,0,0,Abel Santamaria Airport
SMK,0,63.49010086,-162.1100006,0,,,,,,,,,,0,0,0,0,Thandwe Airport
SMX,0,34.89889908,-120.4570007,0,,,,,,,,,,0,0,0,0,Sørkjosen Airport
SNA,0,33.67570114,-117.8679962,0,,,,,,,,,,0,0,0,0,San Tomé Airport
SNP,0,57.167301178,-170.2200012207,0,,,,,,,,,,0,0,0,0,Show Low Regional Airport
SOW,0,34.265499115,-110.005996704,0,,,,,,,,,,0,0,0,0,Stord Airport
SPS,0,33.9888,-98.491898,0,,,,,,,,,,0,0,0,0,Sharm El Sheikh International Airport
SRQ,0,27.3953990936,-82.554397583,0,,,,,,,,,,0,0,0,0,St George Airport
STC,0,45.5466003418,-94.0598983765,0,,,,,,,,,,0,0,0,0,Henry E Rohlsen Airport
STG,0,56.5783004761,-169.662002563,0,,,,,,,,,,0,0,0,0,Juanda International Airport
STS,0,38.50899887,-122.8130035,0,,,,,,,,,,0,0,0,0,Summer Beaver Airport
SUX,0,42.40259933,-96.38439941,0,,,,,,,,,,0,0,0,0,Savusavu Airport
SVA,0,63.6864013672,-170.4929962158,0,,,,,,,,,,0,0,0,0,Koltsovo Airport
TBN,0,37.74160004,-92.14070129,0,,,,,,,,,,0,0,0,0,La Florida Airport
TEB,0,40.8501014709,-74.060798645,0,,,,,,,,,,0,0,0,0,Podgorica Airport
TKJ,0,63.32949829,-142.9539948,0,,,,,,,,,,0,0,0,0,Tallahassee Regional Airport
TLA,0,65.2404022217,-166.339004517,0,,,,,,,,,,0,0,0,0,Ben Gurion International Airport
TLH,0,30.3964996338,-84.3503036499,0,,,,,,,,,,0,0,0,0,Tumling Tar Airport
TLJ,0,62.8944015503,-155.977005005,0,,,,,,,,,,0,0,0,0,Termez Airport
TNC,0,65.56310272,-167.9219971,0,,,,,,,,,,0,0,0,0,Torres Airstrip
TOG,0,59.0527992249,-160.3970031738,0,,,,,,,,,,0,0,0,0,Amado Nervo National Airport
TOL,0,41.58679962,-83.80780029,0,,,,,,,,,,0,0,0,0,Tarko-Sale Airport
TRI,0,36.475201,-82.407401,0,,,,,,,,,,0,0,0,0,Bonriki International Airport
TUP,0,34.2681007385,-88.7698974609,0,,,,,,,,,,0,0,0,0,Matei Airport
TUS,0,32.1161003113,-110.9410018921,0,,,,,,,,,,0,0,0,0,Toowoomba Airport
TVF,0,48.06570053,-96.18499756,0,,,,,,,,,,0,0,0,0,Tawau Airport
TWF,0,42.4818,-114.487999,0,,,,,,,,,,0,0,0,0,Torsby Airport
TXK,0,33.4537010193,-93.9909973145,0,,,,,,,,,,0,0,0,0,Tyler Pounds Regional Airport
TYR,0,32.3540992737,-95.4023971558,0,,,,,,,,,,0,0,0,0,Narsarsuaq Airport
UIN,0,39.94269943,-91.19460297,0,,,,,,,,,,0,0,0,0,Kobe Airport
UNK,0,63.88840103,-160.798996,0,,,,,,,,,,0,0,0,0,Uralsk Airport
UST,0,29.9592,-81.339798,0,,,,,,,,,,0,0,0,0,U-Tapao International Airport
VAK,0,61.5409,-165.6005,0,,,,,,,,,,0,0,0,0,Sivas Nuri Demirağ Airport
VCT,0,28.8526000977,-96.9185028076,0,,,,,,,,,,0,0,0,0,Hierro Airport
VDZ,0,61.13389969,-146.2480011,0,,,,,,,,,,0,0,0,0,Victoria Falls International Airport
VEE,0,67.0086975098,-146.365997314,0,,,,,,,,,,0,0,0,0,Vijayawada Airport
VEL,0,40.4408989,-109.5100021,0,,,,,,,,,,0,0,0,0,Vigo Airport
VIS,0,36.3186988831,-119.392997742,0,,,,,,,,,,0,0,0,0,Vorkuta Airport
VLD,0,30.7824993134,-83.2767028809,0,,,,,,,,,,0,0,0,0,Valesdir Airport
VPS,0,30.4832,-86.525398,0,,,,,,,,,,0,0,0,0,Virac Airport
WAA,0,65.622593,-168.095,0,,,,,,,,,,0,0,0,0,Warsaw Chopin Airport
WBQ,0,66.362197876,-147.406997681,0,,,,,,,,,,0,0,0,0,Wagga Wagga City Airport
WLK,0,66.60009766,-159.9859924,0,,,,,,,,,,0,0,0,0,White Mountain Airport
WMO,0,64.689201355,-163.412994385,0,,,,,,,,,,0,0,0,0,Wunnumin Lake Airport
WNA,0,60.6902999878,-161.9790039063,0,,,,,,,,,,0,0,0,0,Wenzhou Longwan International Airport
WRG,0,56.48429871,-132.3699951,0,,,,,,,,,,0,0,0,0,South Naknek Nr 2 Airport
WRL,0,43.9656982422,-107.9509963989,0,,,,,,,,,,0,0,0,0,Westport Airport
WSN,0,58.7033996582,-157.007995605,0,,,,,,,,,,0,0,0,0,Wuhan Tianhe International Airport
WTK,0,67.5661010742,-162.9750061035,0,,,,,,,,,,0,0,0,0,Sunan Shuofang International Airport
YAK,0,59.5032997131,-139.660003662,0,,,,,,,,,,0,0,0,0,Attawapiskat Airport
YKM,0,46.56819916,-120.5439987,0,,,,,,,,,,0,0,0,0,Chisasibi Airport
YNG,0,41.26070023,-80.67910004,0,,,,,,,,,,0,0,0,0,Natuashish Airport
YUM,0,32.65660095,-114.6060028,0,,,,,,,,,,0,0,0,0,Yushu Batang Airport
